82000001,Fossnesti,Fossnesti,63.9370220000013,-20.9875220000025,Vantar inn stopp frá Höfn að Selfoss
82000002,Ráðhúsið,Ráðhúsið,63.9373510000022,-21.0018970000072
82000003,OLÍS Selfossi,OLÍS Selfossi,63.9434839999959,-21.0081419999987
87160001,Shell Hveragerði,Shell Hveragerði,63.9957330000026,-21.1849380000091
90000749,Norðlingabraut / Helluvað,Helluvað,64.1027029999993,-21.7667230000031
90000750,Norðlingabraut / Ferjuvað,Ferjuvað,64.1039009999957,-21.7716390000016
90000751,Norðlingabraut / Bjallavað,Bjallavað,64.1029030000044,-21.776744000006
90000752,Norðlingabraut / Árvað,Árvað,64.101478000002,-21.7782609999968
90000075,Mjódd,Mjódd,64.1097020000042,-21.8426430000097